date,description,reference,amount
2026-09-08,EFT Received,sian1-zar,1500.00
2026-09-08,POS Refund,thabo2-zar,250.50
2026-09-08,Salary Payment - Sept,SALARY-SEP26,-18500.00
2026-09-09,EFT Received,remitx deposit,800.00
2026-09-09,Office Rent,RENT-CBD-092026,-12000.00
2026-09-09,EFT Received,amahle1-zar,3200.00
2026-09-09,Card Payment - AWS,AWS-INV-88213,-640.75
2026-09-10,EFT Received,kagiso1-zr,500.00
2026-09-10,EFT Received,sian1-tok,4000.00
2026-09-10,Bank Charges,BANK-FEES-SEP,-45.00
2026-09-10,EFT Received,,900.00
2026-09-10,EFT Received,thabo2-zar,100.00
